Code,Bedrijf,Email
13001 AC,AruCare,
13001-AC,AruCare,
13002 FC,featherchiq,kim.delfina@outlook.com
13002-FC,featherchiq,kim.delfina@outlook.com
13003 DA,D.A e-installatie,devonjr@hotmail.com
13003-DA,D.A e-installatie,devonjr@hotmail.com
13004 SS,Sombrero Systems B.V.,infodatachampions@gmail.com
13004-SS,Sombrero Systems B.V.,infodatachampions@gmail.com
13005 DC,Data Champions B.V.,infodatachampions@gmail.com
13005-DC,Data Champions B.V.,infodatachampions@gmail.com
13006 KD,KDK Doran-installatie,engemar69@outlook.com
13006-KD,KDK Doran-installatie,engemar69@outlook.com
13007 NT,Nicolas transport bedrijf B.V.,rhansen_taxi40@hotmail.com
13007-NT,Nicolas transport bedrijf B.V.,rhansen_taxi40@hotmail.com
13008 GZ,GENIE zorg,geniezorg@hotmail.com
13008-GZ,GENIE zorg,geniezorg@hotmail.com
13009 SS,Sunrise Solar,kisselek2011@gmail.com
13009-SS,Sunrise Solar,kisselek2011@gmail.com
13012 CC,Coach & Care by DP,deborah-paris89@hotmail.com
13012-CC,Coach & Care by DP,deborah-paris89@hotmail.com
13014 RP,Massagepraktijk Paz,renpazrey@gmail.com
13014-RP,Massagepraktijk Paz,renpazrey@gmail.com
13015 LN,LINAHR,linahr2021@hotmail.com
13015-LN,LINAHR,linahr2021@hotmail.com
13018 GTM,Greentech Montage,uniqa.gabor@gmail.com
13018-GTM,Greentech Montage,uniqa.gabor@gmail.com
13019 BS,Bouwhulp Sousa Gils,gilbouwhulp@hotmail.com
13019-BS,Bouwhulp Sousa Gils,gilbouwhulp@hotmail.com
13020 UB,The Unruly Barber,unrulyhairbyjh@hotmail.com
13020-UB,The Unruly Barber,unrulyhairbyjh@hotmail.com
13025 SK,S.R. Koolman,
13025-SK,S.R. Koolman,
13026 RL,Riish Love And Care,risheline18111994@hotmail.com
13026-RL,Riish Love And Care,risheline18111994@hotmail.com
13027 PES,PERCA ELECTRIC SERVICES,5133871@gmail.com
13027-PES,PERCA ELECTRIC SERVICES,5133871@gmail.com
13028 CPR,Centro Portugues De Roterdao,luis_cardoso76@hotmail.com
13028-CPR,Centro Portugues De Roterdao,luis_cardoso76@hotmail.com
13030 UZ,Uniek Zorg Virginia,kiema10@hotmail.com
13030-UZ,Uniek Zorg Virginia,kiema10@hotmail.com
13033 MC,Milena's Care,milenascare@gmail.com
13033-MC,Milena's Care,milenascare@gmail.com
13036 HD,HAS Administratie,hassen.neji95@hotmail.com; admin@has-administratie.nl; hassen@has-administratie.nl
13036-HD,HAS Administratie,hassen.neji95@hotmail.com; admin@has-administratie.nl; hassen@has-administratie.nl
13040 CL,Cardlounge,r.vanbrummelen@quicknet.nl
13040-CL,Cardlounge,r.vanbrummelen@quicknet.nl
13041 SF,Spacefade,spacefade.nl@gmail.com; marinramyren@gmail.com
13041-SF,Spacefade,spacefade.nl@gmail.com; marinramyren@gmail.com
13043 MAT,M.Art Tattoo B.V.,mjl.heerema@gmail.com;cs.ragasa@gmail.com
13043-MAT,M.Art Tattoo B.V.,mjl.heerema@gmail.com;cs.ragasa@gmail.com
13045 KM,Kafytech Montage,kafy81@gmail.com
13045-KM,Kafytech Montage,kafy81@gmail.com
13046 VK,Vizyon kapper,vizyonkapper77@gmail.com
13046-VK,Vizyon kapper,vizyonkapper77@gmail.com
13047 DA,dr. A-esthetics,dokteraesthetics@gmail.com
13047-DA,dr. A-esthetics,dokteraesthetics@gmail.com
13048 RO,Roketta,geehgeehas53@gmail.com
13048-RO,Roketta,geehgeehas53@gmail.com
13049 ABW,Amanda Beauty- & waxsalon,ac.snabel@live.nl
13049-ABW,Amanda Beauty- & waxsalon,ac.snabel@live.nl
13050 LC,Lovera Care For You,nvalovera@gmail.com
13050-LC,Lovera Care For You,nvalovera@gmail.com
13052 GM,G. Meulens,meulens07@gmail.com
13052-GM,G. Meulens,meulens07@gmail.com
13054 BBC,B&D Beauty Collection,nvalovera@gmail.com
13054-BBC,B&D Beauty Collection,nvalovera@gmail.com
13101 RC,Redcurves B.V.,info@redcurves.nl; sharlindapaula@live.nl
13101-RC,Redcurves B.V.,info@redcurves.nl; sharlindapaula@live.nl
13103 CL,Crowned by Lunette,Lunettescharbaai@gmail.com
13103-CL,Crowned by Lunette,Lunettescharbaai@gmail.com
